date,x1,x2,x3,x4,x5,mega,mult
210302,4,8,13,34,64,18,2
210226,11,15,37,62,64,5,2
210223,5,7,9,20,57,15,3
210219,27,32,47,50,53,4,4
210216,1,36,44,54,66,10,3
210212,5,14,24,25,27,14,3
210209,7,18,21,31,40,9,4
210205,14,17,28,29,44,2,4
210202,13,37,38,40,67,10,2
210129,4,44,58,59,70,3,3
210126,29,49,56,66,67,24,3
210122,4,26,42,50,60,24,2
210119,10,19,26,28,50,16,2
210115,3,11,12,38,43,15,4
210112,12,14,26,28,33,9,2
210108,3,6,16,18,58,11,2
210105,20,43,51,55,57,4,2
210101,8,24,53,68,69,7,5
201229,1,31,35,48,62,19,3
201225,17,23,36,69,70,19,2
201222,29,53,56,59,67,21,2
201218,7,15,25,51,60,5,3
201215,1,10,18,20,46,15,2
201211,19,31,37,55,67,25,4
201208,15,19,33,39,68,25,3
201204,3,19,24,44,50,8,3
201201,7,33,53,61,65,14,2
201127,4,10,27,35,58,10,2
201124,9,15,34,61,64,6,2
201120,26,33,45,61,68,17,3
201117,8,13,35,46,68,16,3
201113,6,7,14,28,59,7,2
201110,23,45,53,58,62,13,5
201106,18,24,27,34,60,2,2
201103,7,31,44,45,55,19,3
201030,14,19,34,39,59,11,2
201027,6,13,34,46,62,1,3
201023,18,34,44,60,69,22,2
201020,46,54,57,58,66,10,3
201016,27,32,50,52,57,12,5
201013,11,44,45,46,70,25,2
201009,5,11,25,27,64,13,2
201006,15,16,18,39,59,17,3
201002,9,38,47,49,68,25,2
200929,14,39,43,44,67,19,3
200925,20,36,37,48,67,16,2
200922,36,43,44,55,68,12,4
200918,26,29,41,52,64,11,3
200915,25,28,38,59,62,22,4
200911,3,15,42,48,56,13,2
200908,7,10,15,31,57,21,2
200904,19,22,24,28,53,25,3
200901,15,25,26,38,47,22,4
200828,3,9,50,53,64,1,3
200825,8,10,15,17,57,12,3
200821,11,15,31,42,63,14,2
200818,4,18,26,27,58,23,4
200814,3,24,29,42,47,13,2
200811,8,22,29,43,56,9,4
200807,4,44,53,64,70,3,2
200804,2,22,30,42,62,20,3
200731,12,35,46,48,69,23,2
200728,17,20,27,31,34,19,4
200724,8,33,39,54,58,17,3
200721,14,25,26,41,43,15,3
200717,12,13,21,46,57,21,3
200714,6,26,55,56,64,22,4
200710,10,15,20,49,53,22,5
200707,16,20,25,30,43,18,3
200703,20,40,44,45,50,24,2
200630,9,16,29,37,53,11,2
200626,19,33,37,56,57,6,2
200623,6,20,37,40,48,15,3
200619,11,34,36,52,66,7,2
200616,21,23,33,35,42,6,3
200612,9,14,57,67,70,2,3
200609,1,5,9,10,23,22,2
200605,32,35,37,47,55,22,3
200602,9,20,23,26,29,8,3
200529,10,13,32,41,51,3,2
200526,34,52,58,59,62,4,3
200522,8,10,20,44,46,18,4
200519,8,19,25,36,66,9,2
200515,11,17,32,33,46,25,3
200512,7,16,27,44,52,5,5
200508,5,20,22,61,70,4,2
200505,7,13,17,21,45,14,2
200501,28,30,31,35,66,14,2
200428,13,19,53,54,63,17,3
200424,1,27,32,60,67,18,2
200421,13,15,24,67,70,17,2
200417,13,35,39,46,55,14,4
200414,29,47,65,69,70,7,4
200410,2,11,21,57,60,13,2
200407,25,33,43,51,68,20,2
200403,24,38,44,57,58,17,4
200331,8,17,51,57,70,2,4
200327,3,25,28,50,60,1,4
200324,2,8,16,18,31,14,2
200320,34,35,41,45,54,5,4
200317,20,27,28,58,59,25,3
200313,7,22,37,43,44,22,4
200310,6,17,48,54,69,12,5
200306,15,48,56,58,70,4,4
200303,8,12,33,56,64,2,2
200228,2,3,14,41,64,17,2
200225,2,9,43,49,63,15,2
200221,4,7,13,16,60,6,4
200218,6,12,39,61,70,4,3
200214,10,32,48,54,55,18,5
200211,4,6,32,52,64,6,2
200207,9,14,27,36,52,4,3
200204,32,48,50,51,64,10,2
200131,28,31,33,57,62,19,2
200128,17,36,47,51,62,21,3
200124,3,4,18,23,38,24,4
200121,16,18,29,31,37,8,3
200117,3,25,30,54,70,9,3
200114,9,11,13,31,47,11,2
200110,17,27,49,51,66,2,2
200107,25,40,41,52,56,21,4
200103,37,41,42,53,63,16,2
191231,30,44,49,53,56,11,3
191227,17,34,40,63,64,24,4
191224,27,37,48,63,66,11,2
191220,3,20,23,35,60,16,3
191217,22,30,53,55,56,16,2
191213,17,21,29,39,56,22,3
191210,18,31,46,54,61,25,2
191206,20,31,40,46,61,20,5
191203,23,43,60,63,69,19,2
191129,6,8,31,50,65,9,2
191126,8,27,29,38,43,13,2
191122,7,12,17,49,53,24,4
191119,22,43,44,47,66,22,3
191115,12,19,34,35,68,20,2
191112,19,30,44,56,65,24,2
191108,3,4,10,39,58,14,3
191105,2,9,24,49,54,19,3
191101,9,20,36,41,54,22,2
191029,4,9,17,27,39,22,2
191025,16,24,25,52,60,6,3
191022,5,11,14,23,25,10,4
191018,18,58,60,65,67,20,3
191015,4,12,14,35,70,2,2
191011,14,22,30,37,60,8,3
191008,5,8,10,17,48,23,3
191004,11,38,44,48,70,17,2
191001,10,17,39,42,59,3,2
190927,12,20,31,43,45,20,3
190924,6,14,24,42,46,9,4
190920,23,24,42,48,53,22,2
190917,12,15,30,50,65,1,4
190913,6,16,37,59,62,5,2
190910,34,47,48,50,55,24,2
190906,4,11,13,19,31,10,4
190903,13,20,27,61,62,5,2
190830,3,9,11,34,39,10,4
190827,8,12,23,39,43,6,2
190823,11,15,37,54,68,21,2
190820,8,14,25,51,63,4,3
190816,4,14,24,26,46,14,2
190813,7,27,31,34,51,5,3
190809,15,53,56,59,63,1,2
190806,11,17,31,43,55,16,2
190802,11,20,26,48,70,19,2
190730,10,24,28,33,38,6,3
190726,4,6,11,43,48,11,3
190723,1,4,23,40,45,11,2
190719,16,18,28,33,67,14,3
190716,8,16,31,48,52,23,3
190712,8,25,38,56,59,7,2
190709,12,26,40,48,64,1,2
190705,6,38,47,57,63,12,2
190702,3,25,37,40,55,13,2
190628,2,35,49,53,63,1,2
190625,24,33,45,47,61,17,3
190621,13,30,36,48,62,18,3
190618,12,14,22,24,48,21,2
190614,19,40,47,57,65,6,2
190611,20,34,39,43,57,13,3
190607,17,19,27,40,68,2,3
190604,25,37,46,48,68,25,2
190531,7,8,26,65,67,4,3
190528,9,21,34,42,50,21,2
190524,14,41,44,56,62,10,2
190521,10,50,55,56,58,15,5
190517,5,17,28,32,63,11,3
190514,11,59,66,67,68,18,4
190510,3,16,21,61,62,19,2
190507,3,6,34,54,63,19,3
190503,8,16,22,66,68,11,2
190430,24,37,41,61,70,20,3
190426,9,17,23,30,46,10,4
190423,7,24,30,48,67,9,4
190419,18,25,43,44,57,25,4
190416,11,29,34,48,54,10,2
190412,1,24,25,40,70,4,2
190409,11,22,34,44,58,9,2
190405,8,22,24,38,64,21,2
190402,33,47,58,59,64,25,3
190329,5,14,15,62,66,3,3
190326,4,14,22,43,58,9,3
190322,7,36,58,60,62,10,3
190319,10,42,53,67,68,15,3
190315,3,29,56,62,64,4,3
190312,10,12,16,49,57,18,4
190308,4,9,42,62,68,7,4
190305,15,20,32,37,52,6,3
190301,29,33,39,60,66,21,2
190226,10,12,14,24,60,20,3
190222,18,24,31,34,55,4,4
190219,17,24,34,56,65,3,2
190215,10,38,40,43,65,12,2
190212,15,32,39,50,65,7,3
190208,14,24,31,42,48,13,3
190205,3,34,36,59,66,7,2
190201,2,37,48,66,68,11,5
190129,10,33,53,54,62,22,2
190125,8,16,30,38,61,10,2
190122,4,15,37,59,64,16,5
190118,2,43,48,62,64,24,3
190115,29,52,58,60,62,7,2
190111,4,5,31,62,69,20,3
190108,13,26,29,38,64,5,5
190104,21,29,35,54,60,15,4
190101,34,44,57,62,70,14,4
181228,9,10,25,37,38,21,2
181225,2,8,42,43,50,6,3
181221,10,13,61,62,70,5,3
181218,13,22,32,60,69,9,3
181214,5,22,26,43,49,23,4
181211,4,38,39,54,59,12,2
181207,4,10,20,33,57,13,3
181204,28,31,41,42,50,4,3
181130,25,28,40,43,63,19,3
181127,12,24,37,42,57,18,4
181123,7,10,30,33,59,23,4
181120,10,16,31,42,66,10,3
181116,33,36,63,68,69,16,3
181113,34,46,57,65,69,11,3
181109,8,14,27,57,67,5,4
181106,28,34,37,56,69,12,2
181102,3,23,28,46,62,16,2
181030,20,31,39,46,49,23,2
181026,1,28,61,62,63,5,4
181023,5,28,62,65,70,5,3
181019,15,23,53,65,70,7,2
181016,3,45,49,61,69,9,5
181012,4,24,46,61,70,7,3
181009,20,22,39,54,60,18,3
181005,27,28,32,41,69,12,2
181002,2,22,29,31,34,1,3
180928,39,45,52,56,59,15,3
180925,8,16,32,48,61,12,2
180921,1,2,11,52,64,9,4
180918,31,32,43,63,68,17,2
180914,23,30,40,43,66,13,4
180911,15,30,51,62,67,19,2
180907,8,10,41,54,68,10,2
180904,2,7,25,35,44,3,3
180831,7,18,29,32,45,17,3
180828,3,20,33,34,41,20,3
180824,1,6,13,18,49,8,2
180821,14,16,19,38,57,11,3
180817,1,31,32,47,56,3,2
180814,11,26,44,45,46,11,2
180810,1,3,12,22,42,6,5
180807,2,13,15,21,62,2,5
180803,9,28,30,54,60,2,2
180731,12,15,35,64,69,9,2
180727,1,32,40,49,63,20,3
180724,1,2,4,19,29,20,3
180720,1,14,30,44,62,1,2
180717,40,41,61,66,67,12,5
180713,21,22,39,59,68,2,2
180710,1,17,28,56,70,14,3
180706,2,10,46,50,56,16,3
180703,13,35,45,49,68,23,2
180629,2,32,47,49,68,23,4
180626,17,25,29,39,60,19,2
180622,2,6,11,27,44,20,2
180619,11,13,28,65,70,14,3
180615,1,11,37,47,51,6,2
180612,1,3,5,8,70,3,2
180608,14,30,33,44,56,13,2
180605,22,33,41,48,52,4,2
180601,5,24,52,62,66,17,3
180529,2,11,55,58,67,2,3
180525,11,14,51,64,68,25,4
180522,16,17,21,36,48,9,3
180518,9,26,53,64,66,11,2
180515,21,34,44,49,61,21,2
180511,14,38,40,53,70,22,3
180508,8,15,39,64,67,13,2
180504,4,5,10,12,18,21,4
180501,2,7,20,55,70,1,4
180427,2,29,38,63,66,11,2
180424,3,19,31,32,48,10,3
180420,1,15,18,32,45,4,2
180417,12,34,44,47,65,22,4
180413,8,9,32,42,59,10,4
180410,5,13,31,43,53,20,2
180406,16,33,51,54,67,20,4
180403,4,29,39,42,62,14,2
180330,11,28,31,46,59,1,3
180327,7,25,43,56,59,13,3
180323,4,8,23,53,59,17,3
180320,14,38,51,64,70,9,3
180316,1,13,26,33,52,11,3
180313,6,30,58,60,61,17,5
180309,7,17,18,46,66,22,4
180306,1,4,26,35,39,22,5
180302,24,28,42,60,64,8,4
180227,10,17,21,38,43,23,3
180223,7,11,13,19,58,9,4
180220,17,19,23,24,43,14,3
180216,14,38,48,53,58,16,3
180213,5,12,15,46,49,1,4
180209,28,34,41,46,47,14,3
180206,14,17,25,48,58,25,3
180202,1,4,14,17,40,4,3
180130,29,41,42,49,57,24,3
180126,10,16,27,38,43,1,4
180123,2,6,30,31,55,7,4
180119,3,17,23,49,66,23,3
180116,3,11,23,29,59,18,3
180112,17,18,33,46,60,24,4
180109,16,29,31,65,67,23,3
180105,28,30,39,59,70,10,3
180102,1,42,47,64,70,22,4
171229,4,10,18,28,62,7,2
171226,10,12,20,38,41,25,4
171222,1,20,30,33,42,16,4
171219,28,37,39,42,58,2,3
171215,4,12,36,44,57,19,4
171212,8,23,24,25,27,9,2
171208,6,37,46,60,70,24,2
171205,14,15,37,42,67,22,4
171201,16,22,40,41,59,8,4
171128,10,17,47,51,61,5,2
171124,16,36,54,61,64,22,3
171121,3,7,22,27,50,3,3
171117,3,26,55,58,70,15,4
171114,1,14,21,22,28,19,3
171110,6,23,38,42,58,24,2
171107,1,54,60,68,69,11,4
171103,10,22,42,61,69,3,2
171031,6,28,31,52,53,12,4
171027,17,27,41,51,52,13,5
171024,20,24,34,56,64,6,4
171020,6,23,63,66,73,9,2
171017,31,45,49,56,70,11,5
171013,2,7,18,26,31,12,2
171010,7,16,24,61,62,2,5
171006,21,33,36,45,56,12,5
171003,12,18,19,25,67,7,5
170929,25,51,62,73,74,7,5
170926,1,10,57,66,75,4,4
170922,5,39,54,63,66,15,5
170919,9,28,31,50,61,10,2
170915,18,24,34,38,58,3,4
170912,26,37,41,54,65,3,4
170908,4,5,14,26,73,14,3
170905,11,17,59,70,72,1,3
170901,4,13,31,50,64,12,5
170829,2,13,17,35,73,3,3
170825,17,38,42,51,65,11,5
170822,24,35,46,50,51,7,4
170818,1,31,34,40,75,6,3
170815,7,16,20,66,73,7,2
170811,23,33,53,56,58,6,5
170808,11,17,50,52,74,14,2
170804,9,17,25,63,71,4,5
170801,20,22,52,57,73,7,5
170728,4,6,31,49,52,11,3
170725,2,5,26,58,60,6,3
170721,18,31,36,50,74,10,4
170718,8,12,23,51,73,6,4
170714,11,12,24,32,73,1,4
170711,7,18,24,55,74,10,2
170707,2,9,11,28,60,10,5
170704,16,39,47,53,71,15,4
170630,10,38,51,55,64,6,5
170627,4,21,45,52,57,14,4
170623,12,20,53,66,74,11,2
170620,2,15,41,49,63,3,3
170616,18,22,26,30,44,9,5
170613,27,51,62,68,75,8,3
170609,3,16,28,33,37,9,5
170606,3,5,16,49,75,5,3
170602,7,42,57,69,72,10,3
170530,5,20,32,37,67,5,5
170526,25,26,28,37,56,5,3
170523,6,13,17,33,60,14,2
170519,1,4,5,24,30,1,3
170516,4,35,39,56,72,11,5
170512,28,34,41,42,47,13,4
170509,6,29,45,69,73,11,5
170505,4,23,33,47,53,7,4
170502,5,14,42,43,58,1,4
170428,6,13,18,20,31,13,4
170425,3,13,33,40,50,2,4
170421,1,12,13,32,34,10,2
170418,8,29,30,43,64,6,3
170414,5,10,55,60,73,12,5
170411,19,34,35,38,49,8,5
170407,30,33,43,47,69,15,5
170404,13,24,34,35,55,9,5
170331,17,24,27,32,58,10,3
170328,30,33,35,37,46,10,5
170324,5,28,37,61,69,1,5
170321,4,45,53,73,75,7,3
170317,11,27,31,58,60,10,4
170314,16,23,28,33,59,13,3
170310,26,38,42,58,70,5,5
170307,3,30,45,53,68,11,3
170303,14,26,39,48,51,9,5
170228,20,33,45,58,69,4,2
170224,12,29,33,42,68,14,3
170221,9,21,30,32,75,9,5
170217,4,56,58,67,75,8,5
170214,7,11,33,60,68,15,5
170210,32,39,51,62,75,14,5
170207,23,28,37,56,71,12,5
170203,3,6,29,30,64,3,5
170131,3,14,27,62,72,4,3
170127,17,37,53,54,61,8,3
170124,8,42,54,63,67,11,4
170120,7,9,24,41,53,14,3
170117,20,31,54,56,59,3,5
170113,10,44,58,74,75,11,3
170110,11,20,40,41,59,15,5
170106,6,10,44,47,54,6,5
170103,14,16,23,49,53,12,2
161230,6,21,33,39,43,2,2
161227,2,28,30,38,39,11,4
161223,21,30,39,60,69,15,5
161220,1,12,14,48,65,2,5
161216,1,8,15,36,43,6,5
161213,2,15,26,34,41,14,5
161209,19,27,47,67,68,1,5
161206,13,34,48,53,63,12,4
161202,3,33,35,49,51,1,2
161129,22,33,49,51,59,8,4
161125,44,47,49,69,75,10,3
161122,1,43,45,66,69,7,5
161118,31,32,49,55,58,15,5
161115,9,17,23,57,71,6,3
161111,16,40,47,53,59,11,5
161108,46,48,53,61,74,12,4
161104,10,29,32,44,46,10,3
161101,19,24,31,39,45,13,2
161028,7,38,46,57,66,2,5
161025,8,9,24,49,67,13,3
161021,12,43,44,48,66,3,4
161018,7,24,28,65,74,1,2
161014,7,27,60,64,74,5,3
161011,36,39,42,45,48,3,2
161007,24,37,42,50,65,14,2
161004,18,29,30,54,66,1,5
160930,21,30,47,50,57,9,5
160927,14,16,26,53,72,4,4
160923,1,5,8,25,62,14,3
160920,2,22,34,62,72,2,5
160916,13,21,28,34,40,15,3
160913,6,15,17,39,56,15,3
160909,1,34,43,44,63,11,4
160906,25,37,58,69,75,8,3
160902,22,28,41,46,60,3,3
160830,28,32,41,51,71,11,4
160826,10,11,31,41,44,14,2
160823,2,7,46,61,66,1,2
160819,22,37,45,65,73,13,5
160816,2,43,52,62,63,6,5
160812,4,41,44,56,69,10,4
160809,12,19,20,44,66,1,5
160805,5,18,28,54,74,6,4
160802,3,12,36,54,70,12,5
160729,11,16,19,31,48,4,5
160726,1,4,31,36,54,9,3
160722,8,24,25,26,30,7,4
160719,3,34,54,65,66,4,5
160715,16,51,52,56,58,4,2
160712,6,8,22,46,68,4,4
160708,8,19,20,55,73,5,2
160705,29,46,53,64,73,10,5
160701,20,41,42,45,49,14,2
160628,15,17,20,35,55,7,2
160624,11,14,54,57,63,11,5
160621,6,13,21,49,50,10,5
160617,20,23,30,44,59,9,5
160614,36,37,38,52,62,6,5
160610,34,61,66,67,68,7,5
160607,25,48,51,65,72,4,4
160603,32,54,65,66,71,10,3
160531,9,31,34,41,49,8,5
160527,18,41,50,68,70,9,3
160524,11,50,51,70,75,15,4
160520,19,24,26,40,68,8,2
160517,17,24,27,48,75,6,3
160513,20,21,38,54,66,7,4
160510,12,22,46,56,74,4,3
160506,14,26,27,32,36,7,4
160503,28,29,33,36,45,15,5
160429,5,6,37,55,74,10,5
160426,14,16,17,28,48,2,2
160422,2,19,21,42,60,13,5
160419,9,28,40,57,65,2,5
160415,9,10,34,37,73,9,5
160412,7,11,59,62,63,3,5
160408,31,38,52,65,71,15,3
160405,13,45,52,53,57,10,5
160401,25,28,33,41,69,6,2
160329,33,38,40,46,49,15,5
160325,4,11,12,35,46,12,2
160322,6,19,34,38,70,5,5
160318,5,8,57,59,73,13,5
160315,18,26,30,44,68,7,4
160311,14,18,48,54,71,13,4
160308,27,37,54,66,69,5,5
160304,21,26,33,48,73,14,4
160301,1,29,33,34,55,6,5
160226,3,15,19,62,74,14,4
160223,16,32,39,53,57,10,5
160219,2,27,41,50,75,4,4
160216,9,31,33,46,64,4,3
160212,1,7,44,68,73,1,3
160209,3,42,46,56,71,13,4
160205,4,6,23,55,75,2,3
160202,7,13,25,51,70,9,4
160129,20,28,49,51,52,6,2
160126,14,27,39,50,69,2,2
160122,21,25,40,46,56,3,5
160119,2,17,31,39,47,9,2
160115,29,41,53,54,70,12,2
160112,15,27,29,31,48,15,4
160108,11,39,51,57,75,2,5
160105,1,4,36,48,57,13,5
160101,7,18,37,38,39,9,5
151229,20,25,55,62,74,7,3
151225,15,25,29,44,51,4,4
151222,11,21,40,50,70,15,3
151218,6,23,24,28,62,7,5
151215,18,25,47,51,61,5,5
151211,14,20,43,54,69,5,4
151208,7,17,37,49,73,15,3
151204,26,42,47,61,73,6,5
151201,5,7,25,50,59,12,2
151127,16,20,39,56,59,12,3
151124,2,19,30,38,70,8,4
151120,9,12,29,37,67,15,2
151117,12,14,18,24,61,10,3
151113,17,18,31,35,59,9,5
151110,8,17,20,45,71,4,4
151106,10,31,35,50,72,8,3
151103,16,29,44,69,74,12,5
151030,17,41,51,53,56,15,5
151027,9,26,27,29,74,4,3
151023,25,32,37,45,70,1,5
151020,6,25,35,38,52,4,4
151016,2,38,48,61,68,4,3
151013,7,9,24,38,52,1,5
151009,8,9,21,63,75,14,4
151006,17,58,63,64,66,13,3
151002,4,14,29,31,47,9,2
150929,8,21,30,61,62,9,3
150925,3,8,38,51,64,4,5
150922,28,30,38,45,51,8,5
150918,17,34,35,51,65,7,3
150915,7,20,35,49,56,9,4
150911,5,11,31,50,67,14,2
150908,19,20,36,41,46,7,3
150904,17,21,39,52,57,5,5
150901,2,5,35,40,54,13,5
150828,13,35,40,60,68,9,4
150825,5,44,54,59,63,1,5
150821,13,15,21,41,72,1,5
150818,2,7,33,39,53,9,3
150814,12,15,20,52,71,3,4
150811,3,8,29,57,68,8,4
150807,1,38,53,63,66,10,3
150804,2,19,44,51,57,14,2
150731,28,32,33,40,46,10,4
150728,8,35,61,68,75,15,5
150724,10,12,26,60,62,13,5
150721,20,30,62,65,74,1,5
150717,6,17,30,31,41,15,3
150714,19,24,30,35,72,5,3
150710,24,27,45,51,54,8,3
150707,6,15,16,28,49,14,3
150703,33,50,64,71,72,9,4
150630,11,17,34,43,50,15,4
150626,12,23,33,47,50,3,5
150623,6,13,38,56,70,2,5
150619,4,35,36,52,68,8,3
150616,8,19,26,56,67,14,2
150612,1,40,42,56,62,2,5
150609,6,16,17,25,36,7,5
150605,7,22,27,41,49,10,4
150602,2,9,11,22,23,12,4
150529,20,27,38,49,66,2,4
150526,1,39,52,69,72,12,4
150522,3,14,15,25,48,8,5
150519,10,12,21,29,65,10,5
150515,11,17,21,36,74,15,5
150512,14,30,33,36,44,2,5
150508,9,21,25,66,72,7,3
150505,11,21,42,62,71,7,5
150501,17,18,61,66,74,3,3
150428,22,27,55,58,63,11,5
150424,24,25,29,47,67,4,4
150421,31,33,35,41,69,11,5
150417,15,18,29,41,50,5,2
150414,3,7,25,68,71,3,5
150410,6,11,32,46,68,9,2
150407,5,15,22,26,64,6,4
150403,10,36,47,63,74,2,5
150331,8,26,41,61,73,11,5
150327,17,21,36,58,70,3,5
150324,2,23,32,45,55,12,2
150320,7,50,54,61,75,7,4
150317,11,27,44,45,58,3,5
150313,8,22,30,42,45,3,5
150310,10,14,19,30,73,14,5
150306,30,48,55,68,73,5,3
150303,9,11,42,44,50,3,4
150227,7,49,53,60,64,4,2
150224,15,23,26,45,66,4,3
150220,2,6,8,52,66,13,3
150217,6,45,50,65,66,1,5
150213,4,20,44,65,74,14,3
150210,7,42,53,58,71,15,2
150206,5,6,17,33,68,13,3
150203,11,22,25,58,69,13,5
150130,18,31,39,45,55,6,5
150127,5,26,27,44,57,7,3
150123,14,15,32,68,72,8,2
150120,31,35,56,59,63,6,5
150116,26,32,44,45,58,11,3
150113,12,20,25,50,51,7,5
150109,37,49,50,56,57,8,5
150106,12,20,27,38,75,4,3
150102,13,15,35,62,74,12,4
141230,3,7,44,63,67,12,4
141226,2,5,10,20,38,14,3
141223,4,10,31,56,66,7,3
141219,14,18,58,59,68,4,3
141216,41,58,68,72,73,1,5
141212,2,31,46,58,65,7,5
141209,27,45,49,51,52,14,5
141205,4,5,11,51,59,5,5
141202,13,18,22,49,62,11,5
141128,8,26,29,36,47,10,3
141125,10,11,29,47,56,4,2
141121,3,12,35,37,63,15,2
141118,37,39,53,68,75,6,2
141114,3,49,61,62,68,15,5
141111,23,25,28,30,75,11,5
141107,31,35,41,65,66,5,5
141104,9,15,24,39,41,1,4
141031,11,29,36,58,67,15,2
141028,3,50,57,58,60,11,5
141024,2,14,21,28,55,3,3
141021,5,35,37,41,66,11,5
141017,21,31,43,56,60,12,4
141014,11,37,46,64,68,15,3
141010,2,32,35,50,59,3,5
141007,16,29,46,48,55,2,3
141003,3,20,34,58,67,6,3
140930,3,16,52,54,61,6,5
140926,17,26,35,46,62,9,5
140923,21,24,25,40,43,12,5
140919,16,25,27,29,34,2,2
140916,25,45,51,53,73,2,2
140912,18,28,33,36,42,7,3
140909,25,34,55,70,71,1,4
140905,7,12,20,24,59,7,2
140902,1,8,54,69,72,1,3
140829,3,26,45,58,73,12,2
140826,29,31,51,60,64,1,5
140822,5,31,34,41,74,3,5
140819,22,39,56,67,71,15,4
140815,16,19,28,29,68,9,2
140812,32,53,60,63,68,6,4
140808,9,16,61,70,75,7,5
140805,25,28,36,45,53,6,5
140801,13,29,34,37,72,6,5
140729,2,8,16,43,74,1,4
140725,22,29,33,41,68,12,5
140722,14,18,22,31,47,15,3
140718,5,8,59,65,72,3,3
140715,2,4,17,36,40,5,2
140711,9,13,30,35,69,10,5
140708,14,25,27,48,49,9,5
140704,16,33,39,58,69,2,5
140701,9,22,38,47,49,15,3
140627,15,29,31,46,64,10,3
140624,13,17,24,47,65,10,4
140620,1,22,25,29,56,3,5
140617,10,14,24,47,60,3,4
140613,7,38,46,49,56,1,5
140610,2,10,24,26,74,7,5
140606,12,29,37,49,72,9,4
140603,19,28,62,66,74,6,3
140530,10,13,42,43,62,2,4
140527,1,6,10,46,58,13,2
140523,12,14,21,38,70,15,4
140520,10,40,63,64,69,7,2
140516,13,14,16,50,56,11,5
140513,37,46,48,70,74,1,2
140509,10,28,39,51,59,14,2
140506,18,20,27,48,51,5,3
140502,1,18,26,35,40,13,5
140429,7,43,59,61,66,3,3
140425,3,11,18,20,66,9,2
140422,2,18,19,49,50,1,3
140418,18,25,38,45,63,9,2
140415,4,39,46,47,70,13,3
140411,3,42,44,47,57,8,5
140408,35,36,41,60,71,3,3
140404,1,10,15,41,54,9,2
140401,10,23,68,74,75,9,5
140328,2,3,9,50,73,12,3
140325,19,26,51,57,73,15,3
140321,2,23,30,35,53,10,5
140318,11,19,24,33,51,7,3
140314,7,20,40,54,69,12,3
140311,9,14,56,57,69,10,4
140307,11,13,51,57,69,1,4
140304,10,29,31,35,45,10,2
140228,3,31,50,58,59,6,4
140225,12,18,25,35,66,15,5
140221,23,29,32,45,46,15,5
140218,23,29,31,37,70,14,5
140214,20,28,35,71,72,7,3
140211,43,64,67,71,73,4,2
140207,11,21,23,35,64,10,3
140204,25,44,49,60,73,9,3
140131,3,9,13,47,52,8,4
140128,7,16,28,53,60,2,3
140124,22,45,46,47,65,10,5
140121,8,23,33,45,52,4,4
140117,1,10,26,31,51,11,4
140114,4,23,26,62,69,13,3
140110,8,28,36,37,57,8,3
140107,13,34,56,62,64,6,5
140103,22,24,25,40,70,5,5
131231,8,12,34,52,58,8,3
131227,4,15,35,48,49,11,5
131224,23,34,53,58,73,2,3
131220,3,4,31,49,57,6,2
131217,8,14,17,20,39,7,4
131213,19,24,26,27,70,12,2
131210,5,12,22,41,65,13,2
131206,11,29,44,63,64,3,3
131203,7,12,41,44,59,3,3
131129,9,41,43,47,57,5,4
131126,27,44,59,74,75,3,5
131122,17,23,35,36,44,8,3
131119,14,15,29,49,63,2,3
131115,25,44,49,54,63,8,4
131112,20,30,32,42,71,15,5
131108,41,42,51,57,65,7,2
131105,2,11,42,64,74,2,5
131101,32,35,49,62,67,1,5
131029,20,33,50,53,54,7,3
131025,6,16,45,54,60,15,2
131022,2,3,19,52,71,14,5
131015,4,23,30,43,50,11,4
131011,3,27,37,45,48,46,4
131008,6,15,19,23,40,5,3
131004,4,16,24,25,44,5,3
131001,7,10,30,37,53,1,3
130927,9,23,27,49,51,38,2
130924,4,11,32,39,40,33,3
130920,1,15,20,21,47,34,2
130917,6,15,27,31,39,25,2
130913,9,22,28,48,54,8,4
130910,2,12,18,54,56,1,3
130906,2,16,17,22,41,31,4
130903,4,13,14,28,41,28,3
130830,6,19,24,43,44,33,2
130827,4,7,30,36,38,38,4
130823,1,9,17,20,53,14,4
130820,13,28,35,38,41,33,3
130816,7,13,26,36,46,37,4
130813,2,31,32,37,41,40,4
130809,11,20,30,34,38,12,3
130806,1,11,16,51,55,41,3
130802,8,21,23,25,39,4,2
130730,25,27,36,42,44,39,3
130726,4,22,23,27,38,42,4
130723,25,32,35,50,51,46,3
130719,16,20,24,39,42,46,3
130716,10,14,21,40,53,20,2
130712,4,5,25,27,51,10,3
130709,3,21,43,45,48,14,2
130705,2,23,41,47,54,42,4
130702,36,42,51,52,53,40,4
130628,8,15,35,46,52,38,4
130625,3,5,28,33,51,16,2
130621,3,14,17,40,50,3,3
130618,6,17,34,40,48,30,2
130614,2,5,31,33,34,20,4
130611,15,40,45,50,53,28,4
130607,1,10,37,48,55,21,4
130604,10,11,12,20,55,19,3
130531,2,20,26,44,46,26,3
130528,4,12,25,32,54,36,4
130524,4,5,16,18,53,28,4
130521,2,15,17,48,55,11,4
130517,11,15,35,43,49,41,4
130514,6,10,12,28,32,38,4
130510,1,19,20,39,49,28,4
130507,1,6,13,20,51,31,4
130503,2,20,34,42,54,39,2
130430,21,30,34,39,49,43,3
130426,17,42,49,54,55,31,4
130423,9,21,22,32,50,10,3
130419,6,8,12,22,43,28,4
130416,2,5,15,18,39,42,2
130412,1,10,13,19,21,28,3
130409,17,30,41,48,54,13,4
130405,8,15,23,36,41,5,3
130402,7,10,14,40,47,34,4
130329,25,31,36,46,53,21,4
130326,20,33,46,49,51,46,4
130322,14,27,34,37,41,38,4
130319,3,6,14,21,37,35,3
130315,4,8,17,22,32,8,2
130312,9,12,19,20,30,39,4
130308,4,11,25,34,35,44,4
130305,6,20,39,41,46,42,3
130301,17,30,38,43,51,20,4
130226,6,7,13,15,43,7,4
130222,9,13,24,38,49,30,3
130219,1,15,19,30,56,28,3
130215,11,35,41,42,44,42,4
130212,9,22,32,38,55,44,3
130208,6,15,20,39,50,5,4
130205,2,5,10,26,44,46,4
130201,1,30,32,40,41,17,3
130129,8,12,27,46,47,6,3
130125,11,12,17,31,48,1,4
130122,7,11,16,39,54,13,3
130118,8,18,25,42,49,14,3
130115,1,6,12,19,41,14,4
130111,24,29,30,34,56,1,4
130108,3,20,21,38,42,19,4
130104,1,2,23,25,55,39,4
130101,4,11,21,25,44,29,4
121228,10,13,32,40,41,32,4
121225,2,3,18,34,48,36,4
121221,3,18,32,41,56,19,3
121218,1,6,7,18,29,16,3
121214,11,28,33,41,43,41,4
121211,39,44,51,52,54,13,4
121207,7,43,44,51,56,4,3
121204,3,19,24,32,43,44,4
121130,11,22,24,28,31,46,3
121127,5,12,26,42,49,24,4
121123,8,37,44,47,48,27,4
121120,9,13,22,38,52,44,4
121116,5,24,26,29,53,36,4
121113,6,12,31,46,56,34,2
121109,18,22,33,35,40,11,4
121106,3,5,13,32,35,6,3
121102,4,18,22,38,44,24,3
121030,5,12,18,29,56,38,4
121026,4,15,24,36,40,44,2
121023,1,17,42,46,55,1,2
121019,14,34,36,48,53,42,3
121016,13,37,40,46,52,29,4
121012,6,10,24,26,42,15,4
121009,6,15,16,22,37,3,4
121005,8,9,16,32,39,15,3
121002,10,11,20,42,55,9,4
120928,6,8,14,43,56,28,4
120925,7,8,23,50,51,26,3
120921,3,13,14,46,55,34,4
120918,5,9,22,36,49,36,3
120914,16,17,21,40,51,20,4
120911,5,11,20,33,36,11,3
120907,15,32,38,42,46,31,4
120904,16,32,39,41,53,16,3
120831,31,40,41,47,48,45,3
120828,4,9,40,45,50,39,4
120824,25,34,45,46,49,34,2
120821,5,13,20,23,33,30,2
120817,8,20,24,35,56,24,3
120814,15,23,34,39,55,32,4
120810,10,18,36,38,44,8,4
120807,30,32,33,42,48,7,4
120803,2,10,13,38,46,2,3
120731,5,18,21,29,41,37,3
120727,2,3,4,8,43,26,3
120724,5,9,38,46,51,5,4
120720,2,44,48,50,52,3,3
120717,1,13,21,49,55,17,4
120713,6,7,13,24,46,34,2
120710,3,11,19,23,36,21,4
120706,20,23,28,35,39,21,3
120703,3,4,24,36,52,45,4
120629,28,34,39,45,53,34,4
120626,3,16,23,35,36,20,4
120622,10,16,19,32,36,13,3
120619,11,21,27,30,53,11,2
120615,8,12,18,30,40,4,3
120612,2,9,17,34,50,45,4
120608,4,9,34,40,48,25,3
120605,37,39,42,53,55,22,3
120601,2,27,38,46,52,45,3
120529,2,14,29,53,55,31,3
120525,9,15,21,40,54,11,4
120522,10,14,35,43,52,16,2
120518,3,11,22,34,49,1,4
120515,10,11,12,14,24,6,4
120511,3,15,29,35,54,8,4
120508,2,6,8,18,51,19,3
120504,4,11,21,42,53,38,4
120501,24,27,31,45,52,38,4
120427,2,5,45,46,47,37,4
120424,3,9,15,37,38,39,4
120420,14,23,26,33,35,40,3
120417,1,16,24,32,48,2,4
120413,9,14,17,36,42,33,4
120410,2,6,12,31,48,25,4
120406,2,19,20,24,33,39,4
120403,11,35,38,41,52,40,4
120330,2,4,23,38,46,23,3
120327,9,19,34,44,51,24,3
120323,6,17,19,20,21,20,4
120320,1,4,6,11,14,30,4
120316,28,29,43,51,53,7,3
120313,2,8,30,36,48,31,3
120309,9,10,27,36,42,11,4
120306,20,24,31,33,36,44,4
120302,16,29,48,52,54,5,2
120228,6,15,29,39,51,36,3
120224,1,16,18,25,27,3,4
120221,9,30,39,42,47,37,3
120217,16,25,28,32,40,3,3
120214,3,5,10,26,27,27,2
120210,3,4,18,29,50,20,4
120207,17,23,30,37,45,4,4
120203,7,19,21,49,53,35,4
120131,9,17,18,28,43,9,3
120127,3,5,30,36,48,23,4
120124,10,22,24,36,49,33,4
120120,1,9,28,38,47,8,2
120117,3,15,31,36,53,27,2
120113,10,27,28,37,51,19,3
120110,4,10,16,38,48,34,3
120106,9,17,28,34,48,46,2
120103,2,3,15,22,36,23,2
111230,4,24,45,46,52,1,4
111227,23,32,33,39,43,8,3
111223,3,5,8,18,29,14,4
111220,20,24,27,45,51,31,4
111216,2,4,26,36,39,27,3
111213,5,6,22,26,41,6,4
111209,4,12,29,49,51,44,4
111206,7,21,29,35,49,39,4
111202,24,30,48,51,56,45,4
111129,17,29,43,48,52,36,4
111125,22,28,42,49,54,43,3
111122,4,16,23,33,48,38,2
111118,4,13,33,39,55,3,4
111115,3,6,24,30,33,21,4
111111,2,16,22,29,50,27,4
111108,5,31,45,47,54,4,4
111104,26,30,32,33,44,1,4
111101,27,31,39,40,46,36,3
111028,13,31,49,52,56,41,4
111025,13,33,40,44,46,8,4
111021,6,21,35,37,38,17,3
111018,24,25,45,47,53,42,2
111014,13,35,42,45,54,26,4
111011,25,34,38,44,56,27,4
111007,5,15,19,23,38,19,4
111004,3,26,40,45,52,11,3
110930,3,19,21,44,45,29,4
110927,2,20,28,36,45,37,4
110923,27,31,32,40,52,36,4
110920,6,29,38,50,51,39,4
110916,6,23,41,45,56,24,4
110913,22,31,43,48,56,45,4
110909,7,12,19,23,31,45,4
110906,1,36,38,42,49,19,4
110902,25,44,48,49,55,20,3
110830,2,22,25,28,50,18,4
110826,2,3,27,30,47,36,3
110823,11,21,44,48,49,23,3
110819,5,15,53,54,56,22,2
110816,4,38,41,42,43,44,4
110812,9,43,51,54,55,13,4
110809,11,19,39,45,54,15,4
110805,6,24,28,33,42,19,3
110802,14,17,19,20,32,28,4
110729,8,10,22,47,48,35,4
110726,20,25,35,52,55,10,3
110722,23,31,32,39,56,38,4
110719,2,9,10,16,35,40,4
110715,16,29,30,46,56,6,3
110712,3,9,11,44,49,9,4
110708,1,2,22,37,50,45,3
110705,1,10,13,18,46,19,2
110701,12,17,30,35,47,26,4
110628,12,17,27,47,48,33,4
110624,10,14,40,49,51,4,3
110621,11,24,25,31,46,17,3
110617,12,29,46,47,51,24,4
110614,9,10,20,51,53,24,4
110610,18,21,27,37,38,7,3
110607,29,32,35,47,52,13,4
110603,20,23,41,49,53,31,3
110531,28,30,31,37,55,13,3
110527,5,7,14,28,56,10,4
110524,9,12,21,42,43,42,3
110520,10,17,19,45,48,30,4
110517,1,2,17,25,48,45,4
110513,3,33,39,47,53,9,4
110510,11,16,34,40,51,34,4
110506,6,18,26,37,41,9,3
110503,1,16,29,36,50,16,2
110429,9,10,11,33,51,29,4
110426,19,29,32,38,55,15,3
110422,3,18,46,51,53,17,3
110419,20,24,32,45,51,43,4
110415,22,23,33,39,48,29,3
110412,10,23,39,41,45,15,2
110408,6,40,45,50,56,11,3
110405,1,19,20,31,36,9,2
110401,13,14,35,36,53,19,3
110329,6,15,23,34,38,43,4
110325,22,24,31,52,54,4,4
110322,1,14,35,50,53,43,4
110318,14,33,34,54,56,37,4
110315,10,11,12,28,43,45,4
110311,14,19,21,42,45,6,2
110308,3,17,19,41,55,24,4
110304,8,10,15,23,41,7,4
110301,1,12,19,20,47,25,3
110225,4,5,17,19,50,7,4
110222,15,22,23,48,55,31,4
110218,5,6,7,30,45,42,3
110215,17,18,24,35,39,18,4
110211,8,9,17,32,34,13,2
110208,25,35,36,47,48,18,2
110204,6,20,29,48,55,6,4
110201,16,22,23,26,35,31,4
110128,14,33,48,49,50,18,4
110125,5,8,31,46,50,4,4
110121,5,9,21,35,38,20,4
110118,4,27,29,38,45,5,4
110114,2,15,17,33,35,8,
110111,1,4,11,16,45,37,
110107,4,22,42,46,53,20,
110104,4,8,15,25,47,42,
101231,10,12,13,35,56,9,
101228,6,18,36,40,49,7,
101224,15,16,27,40,52,16,
101221,8,11,12,31,32,29,
101217,11,20,26,46,53,12,
101214,18,22,25,31,38,29,
101210,23,27,33,44,46,36,
101207,4,38,45,53,54,9,
101203,6,11,12,18,56,12,
101130,11,16,19,47,53,2,
101126,5,9,34,43,47,8,
101123,2,6,12,34,35,33,
101119,7,14,31,51,54,35,
101116,1,26,27,39,46,21,
101112,9,26,28,35,38,10,
101109,8,26,28,33,53,11,
101105,19,25,34,46,53,15,
101102,1,3,12,16,54,46,
101029,4,19,26,28,39,14,
101026,15,21,30,31,32,26,
101022,2,7,18,32,53,18,
101019,2,9,14,37,42,41,
101015,9,10,13,31,50,10,
101012,10,31,36,37,43,15,
101008,24,29,37,48,50,19,
101005,10,19,24,37,44,27,
101001,3,8,21,28,52,43,
100928,2,10,13,36,38,18,
100924,2,28,38,42,55,25,
100921,3,20,43,47,52,26,
100917,3,4,14,18,27,13,
100914,6,14,50,55,56,1,
100910,11,12,17,21,23,20,
100907,8,18,22,24,38,23,
100903,10,13,20,28,36,9,
100831,10,20,29,47,48,38,
100827,4,10,26,32,41,31,
100824,4,23,24,28,32,31,
100820,4,13,20,29,48,36,
100817,11,19,40,43,44,33,
100813,6,17,24,43,55,36,
100810,2,14,26,50,56,12,
100806,7,13,30,33,54,30,
100803,4,13,20,22,56,32,
100730,11,30,40,48,52,42,
100727,2,7,10,16,29,8,
100723,16,19,39,44,49,26,
100720,12,18,28,36,43,19,
100716,2,15,18,20,39,34,
100713,7,11,14,15,34,14,
100709,1,31,33,34,50,41,
100706,8,18,45,47,50,36,
100702,1,10,12,32,36,25,
100629,3,4,15,27,37,35,
100625,1,2,13,19,27,21,
100622,12,17,21,23,30,24,
100618,11,36,37,41,55,7,
100615,4,12,13,21,27,46,
100611,6,13,33,34,42,25,
100608,12,18,28,48,54,6,
100604,12,13,15,17,50,23,
100601,12,27,44,45,51,30,
100528,3,11,20,29,39,26,
100525,5,14,17,19,24,25,
100521,15,20,23,26,30,17,
100518,11,13,19,37,40,26,
100514,20,21,40,47,56,12,
100511,26,33,43,46,54,9,
100507,2,7,20,34,50,40,
100504,9,21,31,36,43,8,
100430,14,20,41,47,53,40,
100427,23,37,41,50,55,6,
100423,19,26,28,37,52,18,
100420,5,8,10,34,42,25,
100416,10,16,31,48,50,44,
100413,3,12,27,39,47,32,
100409,15,18,39,48,53,3,
100406,16,43,44,52,56,26,
100402,2,17,22,30,31,19,
100330,1,11,24,38,44,41,
100326,23,41,46,47,52,22,
100323,3,25,28,29,40,13,
100319,10,31,45,50,54,25,
100316,3,22,48,52,56,13,
100312,2,15,25,48,53,41,
100309,14,16,18,19,29,16,
100305,11,31,34,44,52,32,
100302,9,12,47,48,56,25,
100226,4,14,29,54,56,40,
100223,4,16,36,40,53,18,
100219,1,22,39,42,46,36,
100216,11,12,21,29,45,5,
100212,14,16,17,33,47,23,
100209,2,17,20,26,48,12,
100205,10,20,45,51,53,41,
100202,6,7,26,27,49,9,
100129,1,10,22,23,38,19,
100126,7,8,38,39,48,22,
100122,8,13,27,28,52,9,
100119,4,5,34,38,41,18,
100115,4,7,19,21,38,29,
100112,5,9,31,37,56,16,
100108,18,20,31,36,43,33,
100105,13,28,39,50,55,10,
100101,6,8,27,40,41,21,
091229,2,5,29,35,51,3,
091222,3,33,35,39,45,13,
091218,10,20,30,44,49,24,
091215,27,31,32,36,47,35,
091211,2,21,27,34,44,45,
091208,20,23,28,30,46,29,
091204,4,33,41,51,56,38,
091201,17,30,39,52,53,21,
091127,12,25,37,39,45,11,
091124,10,11,35,37,50,12,
091120,3,4,7,16,56,39,
091117,8,22,27,49,50,28,
091113,27,43,45,49,54,44,
091110,8,21,29,34,37,15,
091106,7,11,27,40,46,8,
091103,5,18,23,31,38,20,
091030,4,15,17,29,38,20,
091027,7,13,37,46,51,2,
091023,27,45,48,54,56,2,
091020,13,17,25,45,55,8,
091016,10,13,18,33,51,43,
091013,17,31,34,45,51,24,
091009,3,14,21,24,51,14,
091006,9,33,51,53,56,39,
091002,15,24,51,53,55,11,
090929,2,21,25,45,50,21,
090925,7,27,42,49,52,19,
090922,26,29,33,39,46,24,
090918,18,27,31,36,52,33,
090915,29,30,32,35,41,39,
090911,16,27,48,49,54,2,
090908,4,10,18,28,50,35,
090904,2,4,6,21,44,37,
090901,2,9,28,51,53,19,
090828,1,17,31,37,54,31,
090825,3,12,19,22,40,2,
090821,9,38,44,48,49,13,
090818,4,5,26,37,56,25,
090814,8,22,25,33,35,46,
090811,6,12,15,32,42,40,
090807,7,18,35,45,56,3,
090804,1,28,34,42,50,27,
090731,17,35,44,52,56,22,
090728,4,17,24,25,48,34,
090724,3,6,43,51,52,36,
090721,3,8,21,50,52,2,
090717,8,17,40,47,50,13,
090714,20,29,35,45,53,41,
090710,5,10,26,27,28,4,
090707,25,27,35,38,39,28,
090703,5,6,7,11,25,31,
090630,7,34,49,54,55,34,
090626,11,15,17,29,46,16,
090623,12,14,16,31,50,9,
090619,4,9,12,16,46,44,
090616,9,15,21,26,45,25,
090612,6,11,20,32,44,38,
090609,5,17,31,36,56,46,
090605,5,20,38,41,52,20,
090602,9,13,26,30,35,33,
090529,23,30,36,39,48,34,
090526,9,18,21,37,55,33,
090522,3,29,34,42,49,29,
090519,2,4,9,15,42,13,
090515,7,12,24,36,48,27,
090512,4,8,10,14,51,31,
090508,12,27,29,32,34,34,
090505,5,23,38,39,54,3,
090501,9,16,24,40,43,35,
090428,15,20,24,36,44,6,
090424,9,20,21,48,49,7,
090421,5,24,37,47,52,6,
090417,5,13,26,35,45,32,
090414,4,11,22,48,50,42,
090410,18,25,36,42,51,22,
090407,2,4,13,17,36,15,
090403,16,22,38,39,48,42,
090331,14,39,47,48,53,29,
090327,10,15,24,38,50,19,
090324,4,25,34,43,44,45,
090320,15,16,20,39,40,26,
090317,9,15,24,28,31,17,
090313,10,12,26,46,50,23,
090310,2,27,31,39,40,23,
090306,11,18,37,46,55,45,
090303,26,32,35,43,52,10,
090227,24,37,44,50,56,35,
090224,1,27,28,35,40,6,
090220,21,28,41,45,55,24,
090217,1,9,23,27,33,24,
090213,25,36,37,40,51,20,
090210,18,29,38,43,47,7,
090206,2,12,18,28,31,3,
090203,4,15,29,43,56,29,
090130,13,16,19,53,55,2,
090127,3,11,12,14,21,25,
090123,2,17,20,27,28,7,
090120,1,9,10,35,46,9,
090116,2,4,21,39,51,29,
090113,22,25,33,36,48,40,
090109,23,25,30,45,50,8,
090106,3,11,12,19,33,30,
090102,2,11,19,21,34,38,
081230,1,22,29,44,52,39,
081226,6,19,29,33,37,31,
081223,1,8,13,27,41,45,
081219,3,13,16,39,54,32,
081216,10,14,16,29,40,6,
081212,10,16,19,27,48,25,
081209,11,12,26,31,33,27,
081205,21,27,46,52,55,14,
081202,2,17,22,32,51,35,
081128,10,30,44,46,48,44,
081125,2,11,22,51,52,46,
081121,1,22,52,53,56,45,
081118,10,15,22,52,53,12,
081114,3,18,19,30,34,3,
081111,5,27,38,42,55,41,
081107,14,24,32,43,44,21,
081104,10,21,23,41,55,9,
081031,2,7,17,29,47,40,
081028,6,39,45,46,48,36,
081024,5,33,34,47,52,18,
081021,16,19,39,42,44,38,
081017,7,15,27,28,31,35,
081014,14,35,41,42,51,23,
081010,14,15,43,46,48,21,
081007,2,25,35,38,42,34,
081003,13,28,32,41,52,16,
080930,9,30,35,39,49,36,
080926,6,13,14,31,36,36,
080923,9,32,34,43,52,4,
080919,2,9,41,48,51,37,
080916,13,24,39,51,52,44,
080912,1,12,14,25,35,38,
080909,22,23,28,49,52,2,
080905,1,6,15,27,46,39,
080902,14,23,43,44,54,39,
080829,21,25,26,50,51,22,
080826,6,16,24,34,36,30,
080822,12,13,15,41,42,37,
080819,9,18,19,26,40,38,
080815,8,23,29,30,53,7,
080812,2,7,23,38,40,40,
080808,11,17,28,32,50,33,
080805,9,21,36,38,55,13,
080801,9,13,17,18,56,2,
080729,11,13,20,30,42,3,
080725,2,16,19,35,52,17,
080722,2,16,23,29,32,46,
080718,17,29,36,53,55,26,
080715,19,24,34,45,51,40,
080711,5,14,16,39,51,34,
080708,1,20,22,29,41,35,
080704,1,3,12,19,20,28,
080701,1,22,33,43,52,36,
080627,8,14,22,39,50,44,
080624,10,22,36,50,53,39,
080620,11,17,25,36,42,13,
080617,5,14,25,47,49,36,
080613,8,9,14,38,44,36,
080610,3,5,15,43,51,11,
080606,8,9,43,44,54,27,
080603,4,19,24,32,54,5,
080530,39,40,47,53,55,32,
080527,14,24,32,45,49,17,
080523,4,8,11,22,30,4,
080520,2,14,26,32,41,32,
080516,6,11,39,46,47,26,
080513,20,24,27,31,47,15,
080509,16,31,43,46,56,22,
080506,4,21,46,53,54,26,
080502,8,28,37,53,55,26,
080429,19,24,35,44,51,26,
080425,19,32,37,45,52,41,
080422,3,22,31,48,54,9,
080418,24,28,36,50,53,29,
080415,12,13,27,48,50,30,
080411,14,18,27,31,42,7,
080408,8,9,31,37,44,38,
080404,3,5,40,45,49,17,
080401,4,17,26,46,56,25,
080328,7,26,27,40,43,10,
080325,38,42,43,48,53,12,
080321,5,8,17,19,41,21,
080318,13,15,20,25,44,37,
080314,3,12,18,25,52,21,
080311,4,13,35,41,47,44,
080307,19,32,33,41,48,12,
080304,7,15,30,33,56,22,
080229,5,17,22,26,55,38,
080226,9,12,30,36,55,15,
080222,7,12,13,19,22,10,
080219,1,38,42,55,56,34,
080215,7,11,26,30,53,14,
080212,14,27,39,47,50,12,
080208,21,30,43,46,50,18,
080205,4,5,17,40,51,38,
080201,3,14,30,44,56,5,
080129,8,23,39,40,42,24,
080125,5,12,22,38,56,22,
080122,12,15,22,25,33,2,
080118,12,22,33,43,44,15,
080115,21,30,42,44,50,6,
080111,22,36,42,45,55,42,
080108,10,29,45,52,54,10,
080104,24,31,39,40,56,32,
080101,13,16,25,30,54,11,
071228,2,19,22,28,54,25,
071221,14,19,20,43,53,7,
071218,3,23,46,48,49,2,
071214,4,7,12,17,30,44,
071211,6,25,27,30,45,46,
071207,12,18,26,28,51,35,
071204,16,27,30,45,53,43,
071130,5,6,12,26,51,7,
071127,9,10,26,29,39,10,
071123,18,21,33,42,56,11,
071120,14,20,23,42,43,6,
071116,12,13,30,31,39,29,
071113,15,26,36,39,40,45,
071109,11,33,41,42,46,21,
071106,3,17,43,46,47,2,
071102,1,3,34,49,52,19,
071030,2,8,44,46,51,22,
071026,12,20,24,38,51,3,
071023,2,7,45,52,53,18,
071019,5,15,18,23,46,14,
071016,1,2,5,41,44,25,
071012,21,26,34,44,54,23,
071009,1,10,17,32,51,44,
071005,10,19,37,40,48,1,
071002,28,37,40,43,44,20,
070928,4,13,20,25,33,42,
070925,2,19,23,47,54,16,
070921,5,21,23,33,45,43,
070918,20,24,31,34,49,8,
070914,5,9,12,33,40,27,
070911,9,10,17,21,35,6,
070907,14,19,27,34,48,3,
070904,3,6,11,42,46,38,
070831,8,18,22,40,44,11,
070828,37,40,48,53,56,44,
070824,4,21,46,51,53,5,
070821,8,38,54,55,56,2,
070817,2,8,33,38,53,12,
070814,5,8,9,24,34,17,
070810,10,20,32,33,54,39,
070807,36,41,50,55,56,9,
070803,16,29,42,46,51,40,
070731,5,18,37,39,43,42,
070727,7,12,35,54,55,2,
070724,8,17,20,23,50,17,
070720,6,13,30,41,52,26,
070717,16,30,38,46,51,5,
070713,7,39,41,48,53,21,
070710,19,24,30,34,56,19,
070706,3,9,12,25,47,37,
070703,21,35,37,39,40,35,
070629,1,17,40,51,52,7,
070626,4,10,20,29,45,21,
070622,11,14,21,24,31,23,
070619,5,16,31,49,54,19,
070615,1,5,16,26,30,21,
070612,3,13,19,31,50,21,
070608,6,26,29,31,39,31,
070605,27,35,38,49,56,15,
070601,12,19,29,32,48,9,
070529,2,24,44,51,54,7,
070525,10,14,22,42,43,1,
070522,2,7,11,22,36,35,
070518,13,23,24,30,44,5,
070515,6,13,42,46,56,42,
070511,28,30,33,48,54,25,
070508,16,24,41,43,54,36,
070504,4,9,20,45,55,34,
070501,11,16,31,52,53,42,
070427,5,7,26,38,56,15,
070424,8,10,35,36,43,14,
070420,1,9,10,23,53,40,
070417,1,4,11,31,47,37,
070413,11,14,21,25,26,33,
070410,7,15,16,19,28,10,
070406,24,32,34,36,39,6,
070403,16,26,33,34,46,38,
070330,15,23,37,48,53,22,
070327,18,25,34,35,42,6,
070323,18,21,35,51,53,36,
070320,7,21,46,49,55,15,
070316,17,25,36,40,43,9,
070313,7,11,16,38,49,35,
070309,10,13,25,42,43,30,
070306,16,22,29,39,42,20,
070302,14,21,33,35,51,43,
070227,18,31,44,45,48,18,
070223,3,18,21,38,50,43,
070220,1,9,26,46,51,11,
070216,17,35,40,46,48,41,
070213,3,9,24,29,41,41,
070209,32,39,46,48,49,41,
070206,16,21,35,36,46,38,
070202,22,33,35,40,53,15,
070130,14,18,44,52,56,25,
070126,16,17,36,49,54,14,
070123,3,5,15,26,53,35,
070119,4,28,30,31,35,17,
070116,4,8,15,33,52,10,
070112,12,14,26,40,42,22,
070109,7,11,26,38,54,13,
070105,2,12,44,46,51,6,
070102,9,10,38,51,53,1,
061229,3,4,10,39,50,29,
061226,7,12,25,44,53,3,
061222,5,12,15,25,34,43,
061219,9,32,37,42,48,7,
061215,6,7,17,28,40,39,
061212,20,30,31,35,49,23,
061208,1,15,29,32,45,8,
061205,6,9,13,43,46,45,
061201,16,22,23,37,53,35,
061128,7,14,24,41,56,7,
061124,14,35,40,47,48,35,
061121,7,13,20,42,47,9,
061117,5,19,25,30,50,42,
061114,9,20,24,25,36,23,
061110,11,42,52,53,55,28,
061107,13,22,33,51,52,42,
061103,8,10,22,25,55,22,
061031,5,34,40,45,46,21,
061027,15,22,26,30,32,31,
061024,5,25,41,48,51,35,
061020,9,13,23,29,54,34,
061017,6,18,20,28,38,37,
061013,24,27,42,47,50,8,
061010,14,30,35,40,43,2,
061006,1,11,20,21,46,18,
061003,6,19,32,33,40,39,
060929,3,25,43,45,55,40,
060926,3,6,38,42,45,30,
060922,7,12,17,22,43,16,
060919,2,19,44,45,56,43,
060915,6,26,33,39,55,1,
060912,3,16,25,30,44,42,
060908,9,17,34,52,53,2,
060905,1,32,36,42,53,4,
060901,5,6,51,53,55,12,
060829,15,25,37,38,52,4,
060825,17,24,35,46,54,33,
060822,3,4,5,7,36,16,
060818,5,12,13,46,50,10,
060815,10,12,22,44,48,16,
060811,14,16,38,40,49,29,
060808,1,5,13,18,33,30,
060804,2,24,31,50,55,44,
060801,14,29,32,43,49,14,
060728,2,13,23,32,35,4,
060725,7,21,24,41,51,10,
060721,18,26,35,36,43,24,
060718,12,13,29,49,52,20,
060714,13,25,26,28,56,39,
060711,5,14,34,36,52,42,
060707,7,15,27,46,56,39,
060704,9,15,31,42,45,41,
060630,20,40,46,48,54,27,
060627,2,14,20,29,44,32,
060623,13,17,24,34,56,24,
060620,11,21,37,53,54,12,
060616,27,30,36,38,45,13,
060613,1,20,23,24,33,29,
060609,8,17,18,26,47,37,
060606,5,29,35,52,53,9,
060602,3,10,18,36,38,41,
060530,2,13,28,34,45,36,
060526,12,14,20,47,48,24,
060523,17,21,28,48,54,1,
060519,5,12,31,51,56,1,
060516,7,24,40,48,50,15,
060512,6,36,39,45,52,45,
060509,7,15,24,43,44,22,
060505,8,20,39,53,55,10,
060502,7,11,22,27,31,33,
060428,16,29,32,36,55,12,
060425,1,20,32,37,39,9,
060421,2,4,7,27,41,4,
060418,13,14,25,34,50,6,
060414,8,10,18,29,33,10,
060411,2,12,45,46,56,20,
060407,1,18,31,46,52,37,
060404,9,25,48,51,56,7,
060331,4,7,19,50,52,15,
060328,14,18,35,39,49,14,
060324,1,2,17,47,49,19,
060321,4,16,17,28,31,8,
060317,8,11,23,48,52,5,
060314,27,28,30,42,50,22,
060310,4,17,18,51,54,31,
060307,15,27,36,38,42,32,
060303,25,29,38,39,46,4,
060228,2,4,35,36,48,22,
060224,3,5,12,16,34,27,
060221,14,23,27,36,45,36,
060217,16,25,31,43,46,28,
060214,27,36,43,49,54,33,
060210,24,39,40,43,46,2,
060207,2,16,25,30,48,26,
060203,29,31,32,41,52,42,
060131,1,35,53,54,56,44,
060127,2,7,8,18,29,46,
060124,31,34,36,51,55,4,
060120,18,22,28,44,53,46,
060117,24,32,37,39,40,44,
060113,5,21,27,44,53,36,
060110,7,27,32,37,38,30,
060106,8,11,28,37,53,12,
060103,15,19,20,32,38,21,
051230,14,20,25,40,44,37,
051227,11,24,27,49,55,23,
051223,10,37,39,49,54,8,
051220,6,20,23,40,56,36,
051216,14,25,26,31,56,17,
051213,9,10,12,22,41,4,
051209,14,15,31,32,43,20,
051206,6,10,26,30,33,16,
051202,3,12,21,38,44,45,
051129,7,8,47,51,52,5,
051125,5,25,31,33,34,41,
051122,9,22,37,41,43,30,
051118,8,18,21,42,46,11,
051115,2,4,5,40,48,7,
051111,9,14,34,50,51,40,
051108,8,16,21,25,27,16,
051104,7,9,41,53,54,38,
051101,5,18,21,28,36,20,
051028,8,17,25,28,53,1,
051025,7,12,18,31,55,30,
051021,11,17,28,29,36,42,
051018,3,12,16,32,33,15,
051014,6,20,24,25,34,44,
051011,24,30,42,53,54,20,
051007,2,4,23,27,36,37,
051004,12,24,28,29,36,41,
050930,1,3,14,30,52,10,
050927,14,17,26,27,28,5,
050923,6,7,20,41,51,38,
050920,35,36,40,42,52,45,
050916,5,16,41,46,50,1,
050913,13,24,44,48,52,30,
050909,15,28,43,51,52,11,
050906,1,8,27,31,50,40,
050902,1,4,14,45,53,33,
050830,19,32,42,49,56,29,
050826,5,20,38,47,54,35,
050823,6,7,8,13,40,12,
050819,2,13,18,36,46,36,
050816,9,15,20,24,55,3,
050812,8,37,38,45,54,21,
050809,13,35,36,43,52,5,
050805,3,5,48,50,53,4,
050802,17,22,39,50,52,46,
050729,4,16,23,25,40,22,
050726,1,10,18,29,55,8,
050722,7,18,27,35,54,34,
050719,7,13,48,51,54,11,
050715,9,13,25,36,48,2,
050712,5,17,32,39,53,36,
050708,9,23,45,48,50,3,
050705,22,38,48,50,55,29,
050701,14,25,41,42,50,40,
050628,2,20,37,43,46,4,
050624,14,43,44,50,56,7,
050621,9,13,40,46,50,30,
050617,16,35,40,49,50,34,
050614,1,10,29,48,49,36,
050610,14,29,31,37,50,34,
050607,7,14,28,46,47,25,
050603,4,6,14,28,47,42,
050531,5,13,22,37,38,11,
050527,7,17,22,34,50,24,
050524,9,28,39,40,45,24,
050520,3,6,27,40,44,9,
050517,7,9,10,29,44,17,
050513,21,23,27,33,39,8,
050510,11,25,38,40,42,40,
050506,7,12,25,50,51,19,
050503,7,17,42,46,52,47,
050429,2,5,7,28,46,21,
050426,18,22,33,34,42,16,
050422,23,25,43,46,49,26,
050419,5,6,14,42,47,3,
050415,25,26,37,39,49,29,
050412,15,20,43,47,50,24,
050408,5,13,17,33,35,35,
050405,4,19,45,51,52,22,
050401,11,19,28,32,45,10,
050329,7,17,18,30,42,38,
050325,11,18,19,45,49,2,
050322,6,11,27,37,43,34,
050318,2,9,28,29,48,33,
050315,14,26,27,34,44,27,
050311,18,19,31,35,36,17,
050308,8,14,15,22,31,13,
050304,7,10,13,35,39,21,
050301,1,8,18,39,48,1,
050225,4,13,37,38,50,24,
050222,15,18,28,41,45,27,
050218,1,19,31,35,42,34,
050215,3,16,20,21,38,10,
050211,6,14,21,24,50,28,
050208,8,11,14,23,25,21,
050204,3,12,14,30,52,34,
050201,3,17,21,42,44,35,
050128,25,31,39,47,52,43,
050125,2,10,21,25,45,22,
050121,17,27,39,40,41,21,
050118,10,23,28,39,51,5,
050114,15,19,24,40,47,50,
050111,2,23,24,35,45,18,
050107,2,8,14,15,51,38,
050104,3,6,7,12,32,30,
041231,10,14,45,47,51,20,
041228,18,29,32,38,43,50,
041224,9,20,22,41,42,10,
041221,7,22,27,31,38,12,
041217,16,34,38,42,47,1,
041214,14,27,32,34,40,2,
041210,22,23,37,42,47,15,
041207,1,19,22,32,49,29,
041203,12,32,37,41,52,13,
041130,10,20,22,28,52,4,
041126,7,9,18,37,43,34,
041123,8,30,32,35,51,17,
041119,1,12,24,36,51,38,
041116,9,10,27,28,30,18,
041112,5,31,33,35,51,1,
041109,11,20,26,28,52,7,
041105,3,29,30,41,43,1,
041102,24,32,42,49,50,3,
041029,10,18,26,31,41,48,
041026,14,25,39,43,49,27,
041022,3,7,20,24,43,36,
041019,6,13,19,34,50,33,
041015,4,8,24,30,36,25,
041012,4,18,19,39,51,13,
041008,16,17,21,33,41,6,
041005,8,34,39,48,49,47,
041001,8,10,17,24,39,52,
040928,1,18,39,42,50,35,
040924,11,26,30,49,50,52,
040921,1,3,15,19,29,39,
040917,3,16,25,38,49,4,
040914,12,35,37,38,50,49,
040910,11,17,27,45,52,5,
040907,13,30,36,38,51,35,
040903,4,14,34,38,44,10,
040831,14,15,25,42,44,3,
040827,5,25,38,46,47,14,
040824,2,5,21,47,50,46,
040820,12,17,34,37,39,34,
040817,22,23,26,28,36,10,
040813,14,31,41,45,48,20,
040810,18,25,29,31,44,33,
040806,4,23,33,38,49,7,
040803,1,2,13,16,22,31,
040730,16,19,21,34,35,22,
040727,8,10,11,13,24,46,
040723,5,12,25,35,37,12,
040720,6,15,21,32,44,13,
040716,3,21,22,35,44,7,
040713,13,31,37,39,52,38,
040709,11,23,25,29,45,16,
040706,6,7,8,31,48,19,
040702,10,25,38,39,50,12,
040629,10,13,19,28,38,1,
040625,18,19,29,32,42,32,
040622,9,10,17,41,52,19,
040618,7,10,11,15,51,23,
040615,18,23,27,29,44,24,
040611,12,28,36,39,52,36,
040608,17,24,29,37,45,43,
040604,4,16,18,41,47,46,
040601,7,16,17,26,48,15,
040528,13,27,36,39,51,33,
040525,5,18,34,36,39,43,
040521,4,20,27,38,49,31,
040518,2,36,44,46,51,45,
040514,10,19,32,36,46,6,
040511,9,25,30,34,37,30,
040507,14,17,19,44,50,17,
040504,3,15,29,37,39,40,
040430,15,21,32,39,50,34,
040427,1,10,17,23,35,45,
040423,8,22,25,47,48,27,
040420,12,22,37,46,48,49,
040416,6,24,29,42,51,41,
040413,13,36,39,50,51,34,
040409,2,8,10,11,23,40,
040406,8,17,29,32,39,49,
040402,8,17,25,46,47,13,
040330,3,27,31,41,45,33,
040326,8,10,17,37,49,20,
040323,12,22,35,39,46,32,
040319,6,9,14,32,50,4,
040316,3,28,45,49,51,52,
040312,4,29,32,35,36,11,
040309,16,23,29,36,51,49,
040305,30,40,47,49,52,3,
040302,25,30,35,40,50,4,
040227,2,9,24,36,52,44,
040224,6,11,43,49,52,21,
040220,1,13,20,21,30,24,
040217,2,8,34,36,52,21,
040213,14,30,42,43,45,30,
040210,3,7,10,22,32,23,
040206,1,6,16,30,49,13,
040203,9,21,26,35,41,17,
040130,17,28,30,40,51,44,
040127,6,10,20,38,50,27,
040123,10,18,33,46,51,13,
040120,5,7,14,21,45,36,
040116,12,26,41,44,49,44,
040113,3,17,18,21,45,21,
040109,24,32,38,47,49,12,
040106,7,13,15,25,32,9,
040102,7,8,36,44,48,9,
031230,12,18,21,32,46,49,
031226,1,10,17,20,29,36,
031223,2,13,21,22,49,52,
031219,5,10,17,35,39,38,
031216,16,24,31,46,47,47,
031212,9,16,32,45,46,26,
031209,4,14,15,24,48,41,
031205,1,12,15,18,44,42,
031202,10,13,24,34,49,4,
031128,19,26,31,44,50,19,
031125,22,32,37,40,41,52,
031121,14,26,28,36,42,14,
031118,4,11,25,30,52,36,
031114,3,13,31,41,42,52,
031111,2,5,17,21,22,43,
031107,6,18,23,26,30,31,
031104,16,24,43,44,45,22,
031031,6,12,13,36,46,3,
031028,6,9,20,40,47,26,
031024,8,9,16,30,31,15,
031021,18,34,46,51,52,38,
031017,14,20,31,46,48,18,
031014,18,19,21,33,40,29,
031010,4,19,36,42,48,13,
031007,1,2,22,40,41,43,
031003,19,21,30,31,52,51,
030930,2,26,37,40,46,49,
030926,5,29,32,45,52,29,
030923,5,16,24,49,51,28,
030919,13,14,24,34,47,13,
030916,15,20,24,30,46,42,
030912,16,22,23,38,46,45,
030909,14,15,30,39,46,30,
030905,7,9,28,41,42,19,
030902,22,26,27,32,39,14,
030829,8,11,17,42,52,10,
030826,9,28,42,44,49,47,
030822,4,19,31,32,51,31,
030819,7,11,24,28,52,16,
030815,1,16,20,41,52,13,
030812,8,11,18,35,51,26,
030808,6,9,35,40,43,42,
030805,7,32,34,38,44,49,
030801,2,11,27,30,33,46,
030729,1,17,19,32,42,33,
030725,33,46,47,50,51,30,
030722,1,5,31,38,47,3,
030718,29,30,34,38,44,39,
030715,1,26,33,43,48,22,
030711,1,4,10,16,18,10,
030708,2,9,27,29,35,18,
030704,6,7,22,37,46,8,
030701,28,32,39,45,48,31,
030627,1,14,20,31,40,43,
030624,2,26,43,44,47,31,
030620,1,2,3,12,37,35,
030617,27,31,34,40,52,1,
030613,12,15,16,20,51,33,
030610,14,15,23,32,52,37,
030606,10,14,28,39,40,35,
030603,4,20,25,29,32,20,
030530,1,21,28,33,51,3,
030527,10,11,17,20,26,3,
030523,12,20,31,33,50,17,
030520,2,16,36,44,49,3,
030516,5,10,16,26,39,52,
030513,17,20,47,49,50,34,
030509,1,10,20,22,28,39,
030506,5,14,32,44,52,24,
030502,2,5,19,32,34,52,
030429,6,8,9,33,35,32,
030425,1,12,32,48,51,29,
030422,3,9,15,28,52,7,
030418,5,15,24,50,52,3,
030415,16,29,31,39,52,21,
030411,15,26,27,38,39,46,
030408,8,10,24,38,45,6,
030404,6,22,28,31,40,18,
030401,7,12,26,45,47,36,
030328,8,12,21,27,29,15,
030325,15,21,37,40,42,7,
030321,6,17,18,40,50,8,
030318,13,14,16,29,49,29,
030314,3,6,14,31,33,8,
030311,10,15,26,28,39,10,
030307,7,10,32,36,41,33,
030304,2,26,36,37,41,22,
030228,11,16,26,48,49,13,
030225,2,4,6,37,47,38,
030221,21,28,29,40,51,20,
030218,12,22,29,42,50,11,
030214,11,13,19,32,47,21,
030211,18,20,23,48,49,10,
030207,3,9,20,26,27,50,
030204,5,12,16,22,24,48,
030131,1,8,9,19,22,21,
030128,13,24,26,32,47,34,
030124,16,31,37,40,41,5,
030121,4,41,48,50,51,23,
030117,25,26,38,42,46,27,
030114,30,39,41,47,52,27,
030110,7,17,18,34,50,18,
030107,15,16,28,34,51,33,
030103,6,14,28,37,46,3,
021231,8,21,29,42,51,34,
021227,11,14,26,30,39,3,
021224,8,24,39,43,52,43,
021220,10,14,41,46,49,52,
021217,3,7,21,29,49,46,
021213,2,13,14,24,46,34,
021210,3,5,9,16,31,28,
021206,4,8,30,36,52,48,
021203,1,15,19,40,51,26,
021129,8,25,33,42,49,40,
021126,3,21,27,31,43,34,
021122,11,16,19,22,46,5,
021119,7,16,20,40,52,8,
021115,6,17,44,49,51,39,
021112,3,28,45,48,50,24,
021108,17,19,37,47,48,14,
021105,2,7,16,28,36,47,
021101,5,10,22,23,43,37,
021029,9,10,14,41,49,35,
021025,8,15,34,39,47,4,
021022,16,20,26,36,48,32,
021018,10,31,40,48,51,38,
021015,6,20,27,34,51,22,
021011,9,11,17,26,41,29,
021008,18,34,43,47,50,25,
021004,10,42,43,45,51,1,
021001,7,21,30,32,37,15,
020927,23,27,30,33,36,5,
020924,8,32,34,42,50,21,
020920,1,2,4,5,46,8,
020917,7,10,19,26,44,5,
020913,24,32,37,40,51,12,
020910,4,6,10,21,25,21,
020906,31,39,42,49,51,35,
020903,8,23,36,49,51,10,
020830,6,31,32,42,51,42,
020827,2,5,11,18,45,22,
020823,5,19,20,45,48,44,
020820,2,13,20,23,43,6,
020816,22,31,33,44,52,43,
020813,3,10,15,18,25,52,
020809,7,17,23,43,44,26,
020806,2,6,38,40,50,14,
020802,10,16,23,28,31,7,
020730,2,6,22,27,44,1,
020726,20,27,28,37,49,32,
020723,10,12,29,32,38,7,
020719,7,15,24,37,46,9,
020716,10,24,35,49,52,47,
020712,13,19,23,38,47,15,
020709,26,29,31,44,48,40,
020705,11,20,26,29,41,41,
020702,14,22,32,35,44,6,
020628,18,31,49,50,51,4,
020625,4,18,21,27,41,50,
020621,13,18,32,39,49,6,
020618,6,13,18,27,45,18,
020614,4,8,32,37,43,2,
020611,5,6,9,33,44,52,
020607,14,22,27,28,42,13,
020604,3,25,29,30,48,48,
020531,12,28,45,46,52,47,
020528,6,21,22,29,32,24,
020524,2,4,32,44,52,36,
020521,4,28,39,41,44,9,
020517,15,18,25,33,47,30,